WorstAbsSPD,WorstAbsEOpp,WorstGroupAcc,WorstGroupF1
0.09210526315789473,0.19999999989111109,0.0,0.0
